﻿<?xml version="1.0" encoding="utf-8" standalone="yes"?>
<language alias="it" intName="Italian" localName="italiano" lcid="16" culture="it-IT">
    <creator>
        <name>FALM</name>
        <link>https://our.umbraco.org/projects/backoffice-extensions/falm-housekeeping/</link>
    </creator>
    <area alias="sections">
        <key alias="FALM"><![CDATA[FALM]]></key>
    </area>
    <area alias="FALM">    
        <!-- DASHBOARD -->
        <key alias="Dashboard.Title"><![CDATA[Housekeeping]]></key>
        <key alias="Dashboard.SubTitle"><![CDATA[La nuova versione del nostro tool di pulizia è stata spostata in una custom section ed è stata completamente riscritta per sfruttare le potenzialità di AngularJS]]></key>
        <key alias="Dashboard.Description"><![CDATA[<p>Nella nuova sezione FALM si trovano i seguenti tool:</p>
<ul>
    <li><strong>Gestione Log di Umbraco</strong>: per gestire i Log nel DB di Umbraco e per visualizzare il TraceLog (questa nuova funzione è una versione semplificata di Diplo Trace Log Viewer - https://our.umbraco.org/projects/developer-tools/diplo-trace-log-viewer/)</li>
    <li><strong>Gestione Cartelle Media</strong>: per eliminare dal filesystem nella cartella '/media' tuttle le cartelle che non hanno una corrispondenza nel DB (orfani)</li>
    <li><strong>Gestione Cancellazione Utenti</strong>: per rimuovere gli utenti del backoffice di Umbraco (eccetto l'utente admin)</li>
    <li><strong>Gestione Versioni</strong>: per gestire le versioni che Umbraco mantiene per ogni nodo di contenuto</li>
    <li><strong>Gestione Cestini di Umbraco</strong>: per pulire i cestini del contenuto e dei media</li>
    <li><strong>Gestione delle directory Cache e TEMP: per pulire le cartelle "App_Data/cache" e "App_Data/TEMP" nel File System.</li>
</ul>]]></key>
        <key alias="Dashboard.LatestChanges"></key>
        <key alias="Dashboard.VersionHistory"><![CDATA[<p><strong>Cronologia delle Versioni<br /></strong>=============</p>
<ul>
    <li><strong><i>v7.7.2.1</i></strong> - Per Umbraco v7.7+</li>
    <li><strong><i>v7.7.2.1_for_Umbraco_v7_6_13</i></strong> - Per Umbraco v7.6 fino alla v7.6.13</li>
    <li><strong><i>v7.6.0.3</i></strong> - Per Umbraco fino alla v7.5.14</li>
    <li><strong><i>v7.0.0.1</i></strong> - Per Umbraco v7+</li>
    <li><strong><i>v6.1.3.0</i></strong> - Per Umbraco v6 fino alla v7.2</li>
    <li><strong><i>v4.11.0.2</i></strong> - Per Umbraco v4.8 fino alla v4.11</li>
    <li><strong><i>v4.5.0.1</i></strong> - Per Umbraco v4.5 fino alla v4.7.2</li>
    <li><strong><i>v1.1.0.0</i></strong> - Per Umbraco fino alla v4.0</li>
</ul>]]></key>

        <!-- LOGS MANAGER -->
        <key alias="LogsManager.TreeSection"><![CDATA[Log]]></key>
        <key alias="LogsManager.TreeActionManagerDB"><![CDATA[Eventi sul DB]]></key>
        <key alias="LogsManager.TreeActionManagerTL"><![CDATA[Trace Log]]></key>
        <key alias="LogsManager.TreeActionManagerTL.Today"><![CDATA[Oggi]]></key>
        <key alias="LogsManager.Title_DB"><![CDATA[Gestione Log di Umbraco (DB)]]></key>
        <key alias="LogsManager.SubTitle_DB"><![CDATA[ ]]></key>
        <key alias="LogsManager.Description_DB"><![CDATA[Questo strumento permette di gestire il DB Log di Umbraco.]]></key>
        <key alias="LogsManager.FooterMessage_DB"><![CDATA[ ]]></key>
        <key alias="LogsManager.DBLogsPanelTitle"><![CDATA[Il DB Log]]></key>
        <key alias="LogsManager.Events"><![CDATA[eventi]]></key>
        <key alias="LogsManager.Contains"><![CDATA[contiene]]></key>
        <key alias="LogsManager.SearchLabel"><![CDATA[Cerca:]]></key>
        <key alias="LogsManager.ItemsPerPage"><![CDATA[Eventi per pagina:]]></key>
        <key alias="LogsManager.LogId">Id</key>
        <key alias="LogsManager.Username">Username</key>
        <key alias="LogsManager.NodeId">Nodo</key>
        <key alias="LogsManager.NodeName">Nome del nodo</key>
        <key alias="LogsManager.LogDate">Data</key>
        <key alias="LogsManager.LogHeader">Tipo</key>
        <key alias="LogsManager.LogLevel">Tipo</key>
        <key alias="LogsManager.LogProcess">Processo</key>
        <key alias="LogsManager.LogDomain">Dominio</key>
        <key alias="LogsManager.LogThread">Thread</key>
        <key alias="LogsManager.LogLogger">Logger</key>
        <key alias="LogsManager.LogComment">Descrizione</key>
        <key alias="LogsManager.LogMessage">Descrizione</key>
        <key alias="LogsManager.Page">Pagina</key>
        <key alias="LogsManager.Of">di</key>
        <key alias="LogsManager.NoLogsFound"><![CDATA[Non sono stati trovati Log]]></key>
        <key alias="LogsManager.StartCleanupButton"><![CDATA[Elimina Log]]></key>
        <key alias="LogsManager.StartCleanupOlder6MonthsButton"><![CDATA[Elimina i Log più vecchi di 6 mesi]]></key>
        <key alias="LogsManager.RestartSearchLogs"><![CDATA[Ricarica]]></key>
        <key alias="LogsManager.Title_TL"><![CDATA[Gestione Log di Umbraco (TraceLog)]]></key>
        <key alias="LogsManager.SubTitle_TL"><![CDATA[ ]]></key>
        <key alias="LogsManager.Description_TL"><![CDATA[Questo strumento permette di consultare il Trace Log di Umbraco]]></key>
        <key alias="LogsManager.FooterMessage_TL"><![CDATA[ ]]></key>
        <key alias="LogsManager.TraceLogsPanelTitle"><![CDATA[Il Trace Log]]></key>
        <key alias="LogsManager.TLLogsPanelTitle"><![CDATA[Il Trace Log]]></key>
        <key alias="LogsManager.SearchInProgress"><![CDATA[Ricerca in corso. Si prega di attendere fino a quando non vengono visualizzati gli eventi]]></key>
        <key alias="LogsManager.DeleteInProgress"><![CDATA[Cancellazione in corso. Si prega di attendere fino a quando verrà visualizzato il risultato dell'operazione]]></key>
        <key alias="LogsManager.DBLogsDialog-Title">Dettagli dell'evento</key>
        <key alias="LogsManager.DBLogsDialog-Event">Evento</key>
        <key alias="LogsManager.DBLogsDialog-Event-LogId">Id</key>
        <key alias="LogsManager.DBLogsDialog-Event-LogDate">Data</key>
        <key alias="LogsManager.DBLogsDialog-Event-LogTime">Ora</key>
        <key alias="LogsManager.DBLogsDialog-Event-UserName">Utente</key>
        <key alias="LogsManager.DBLogsDialog-Event-NodeId">ID del nodo</key>
        <key alias="LogsManager.DBLogsDialog-Event-NodeName">Nome del nodo</key>
        <key alias="LogsManager.DBLogsDialog-Event-LogComment">Descrizione:</key>
        <key alias="LogsManager.TraceLogsDialog-Title">Dettagli dell'evento</key>
        <key alias="LogsManager.TraceLogsDialog-Event">Evento</key>
        <key alias="LogsManager.TraceLogsDialog-Event-LogDate">Data</key>
        <key alias="LogsManager.TraceLogsDialog-Event-LogTime">Ora</key>
        <key alias="LogsManager.TraceLogsDialog-Event-LogProcess">Processo</key>
        <key alias="LogsManager.TraceLogsDialog-Event-LogDomain">Dominio</key>
        <key alias="LogsManager.TraceLogsDialog-Event-LogThread">Thread</key>
        <key alias="LogsManager.TraceLogsDialog-Event-LogLogger">Logger</key>
        <key alias="LogsManager.TraceLogsDialog-Event-LogMessage">Descrizione:</key>
        <key alias="LogsManager.Cleanup.ConfirmationMessage"><![CDATA[Proseguendo, verranno definitivamente cancellati dal DB tutti i log visualizzati.
Si consiglia di effettuare un backup del DB prima di continuare.

Sei sicuro di voler proseguire con la cancellazione?]]></key>
        <key alias="LogsManager.Cleanup.confirmDeleteLogOlder6MonthsActionMessage"><![CDATA[Proseguendo, verranno definitivamente cancellati dal DB tutti i log più vecchi di 6 mesi.
Si consiglia di effettuare un backup del DB prima di continuare.

Sei sicuro di voler proseguire con la cancellazione?]]></key>
        <key alias="LogsManager.Cleanup.DeleteLogsSuccessHeadline"><![CDATA[OK]]></key>
        <key alias="LogsManager.Cleanup.DeleteLogsSuccessMessage"><![CDATA[Tutti gli eventi selezionati sono stati rimossi con successo.]]></key>
        <key alias="LogsManager.Cleanup.DeleteLogsErrorHeadline"><![CDATA[Errore]]></key>
        <key alias="LogsManager.Cleanup.DeleteLogsErrorMessage"><![CDATA[Sono stati riscontrati problemi durante il processo di eliminazione dei log.

Si prega di riprovare o di contattare l'autore del package indicando i dettagli dell'errore."]]></key>
    
        <!-- MEDIA MANAGER -->
        <key alias="MediaManager.TreeSection"><![CDATA[Media]]></key>
        <key alias="MediaManager.TreeActionCleanup"><![CDATA[Pulizia del File System]]></key>
        <key alias="MediaManager.Title"><![CDATA[Gestione Cartelle Media (File System)]]></key>
        <key alias="MediaManager.Cleanup.SubTitle"><![CDATA[ ]]></key>
        <key alias="MediaManager.Cleanup.Description"><![CDATA[Questo strumento permette di eliminare dalla cartella "/media" nel File System, tutte le cartelle e i relativi file che non hanno una corrispondenza nel DB (orfani).]]></key>
        <key alias="MediaManager.Cleanup.WarningsPanelTitle"><![CDATA[Informazioni]]></key>
        <key alias="MediaManager.Cleanup.WarningsPanelDescription"><![CDATA[Le seguenti cartelle non possono essere cancellate]]></key>
        <key alias="MediaManager.Cleanup.WarningsPanelDescriptionResults"><![CDATA[Le seguenti cartelle non sono state eliminate]]></key>
        <key alias="MediaManager.Cleanup.OrphansPanelTitle"><![CDATA[Pulizia del File System]]></key>
        <key alias="MediaManager.Cleanup.OrphansPanelDescription"><![CDATA[Le seguenti cartelle possono essere eliminate]]></key>
        <key alias="MediaManager.Cleanup.OrphansPanelDescriptionResults"><![CDATA[Le seguenti cartelle sono state eliminate]]></key>
        <key alias="MediaManager.Cleanup.SearchInProgress"><![CDATA[Ricerca in corso. Si prega di attendere finché il risultato non viene visualizzato]]></key>
        <key alias="MediaManager.Cleanup.DeleteInProgress"><![CDATA[Cancellazione in corso. Si prega di attendere fino a quando verrà visualizzato il risultato dell'operazione]]></key>
        <key alias="MediaManager.Cleanup.Deleted"><![CDATA[ ]]></key>
        <key alias="MediaManager.Cleanup.FolderNameNotNumber"><![CDATA[Il nome della cartella non è standard (numero)]]></key>
        <key alias="MediaManager.Cleanup.FolderFoundInFileSystemAndUploadedTroughDatatype"><![CDATA[La cartella è stata creata tramite upload da Datatype]]></key>
        <key alias="MediaManager.Cleanup.DBNotMatchFormat"><![CDATA[La voce nel DB non è nel formato corretto]]></key>
        <key alias="MediaManager.Cleanup.Contains"><![CDATA[La cartella contiene ]]></key>
        <key alias="MediaManager.Cleanup.Items"><![CDATA[oggetto/i]]></key>
        <key alias="MediaManager.Cleanup.Entry"><![CDATA[Voce]]></key>
        <key alias="MediaManager.Cleanup.Details"><![CDATA[Dettagli]]></key>
        <key alias="MediaManager.Cleanup.StartCleanupButton"><![CDATA[Elimina tutti gli orfani]]></key>
        <key alias="MediaManager.Cleanup.RestartSearchOrphans"><![CDATA[Esegui una nuova ricerca]]></key>
        <key alias="MediaManager.Cleanup.NoMediaToDelete"><![CDATA[Il File System è pulito. Non sono stati trovati orfani]]></key>
        <key alias="MediaManager.Cleanup.ConfirmationMessage"><![CDATA[Proseguendo, verranno definitivamente cancellate dal File System tutte le cartelle elencate.
Si consiglia di effettuare un backup dell'intero sito (root e DB) prima di continuare.

Sei sicuro di voler proseguire con la cancellazione?]]></key>
        <key alias="MediaManager.DeleteMediaOrphansSuccessMessage"><![CDATA[La cancellazione è andata a buon fine.]]></key>
        <key alias="MediaManager.DeleteMediaOrphansErrorMessage"><![CDATA[Errore!!! E' stato riscontrato un problema durante la cancellazione.
Si prega di riprovare oppure contattare l'autore indicando i dettagli dell'errore."]]></key>
        <key alias="MediaManager.Cleanup.FooterMessage"><![CDATA[ ]]></key>

        <!-- USERS MANAGER -->
        <key alias="UsersManager.TreeSection"><![CDATA[Utenti]]></key>
        <key alias="UsersManager.TreeActionCleanup"><![CDATA[Cancellazione utenti]]></key>
        <key alias="UsersManager.Title"><![CDATA[Gestione Utenti]]></key>
        <key alias="UsersManager.Cleanup.UsersPanelTitle"><![CDATA[Utenti]]></key>
        <key alias="UsersManager.Cleanup.UsersPanelDescription"><![CDATA[I seguenti utenti possono essere cancellati.]]></key>
        <key alias="UsersManager.Cleanup.SubTitle"><![CDATA[Cancellazione]]></key>
        <key alias="UsersManager.Cleanup.Description"><![CDATA[Questo strumento permette di eliminare uno o più utenti.]]></key>
        <key alias="UsersManager.Cleanup.FooterMessage"><![CDATA[Selezionare uno o più utenti e premere il pulsante per eliminare.]]></key>
        <key alias="UsersManager.Cleanup.ConfirmDeleteActionMessage"><![CDATA[Hai selezionato uno o più utenti.
Proseguendo con l'eliminazione, ogni oggetto associato agli utenti selezionati, verranno associati all'utente 'admin'

Sei sicuro di voler eliminare gli utenti selezionati?]]></key>
        <key alias="UsersManager.Cleanup.DeleteSelectedUsers"><![CDATA[Elimina gli utenti selezionati]]></key>
        <key alias="UsersManager.Cleanup.DeleteSelectedUsersSuccessHeadline"><![CDATA[OK]]></key>
        <key alias="UsersManager.Cleanup.DeleteSelectedUsersSuccessMessage"><![CDATA[Gli utenti selezionati sono stati rimossi con successo.]]></key>
        <key alias="UsersManager.Cleanup.DeleteSelectedUsersErrorHeadline"><![CDATA[Errore]]></key>
        <key alias="UsersManager.Cleanup.DeleteSelectedUsersErrorMessage"><![CDATA[Sono stati riscontrati problemi durante il processo di eliminazione degli utenti.

Si prega di riprovare o di contattare l'autore del package indicando i dettagli dell'errore."]]></key>
        <key alias="UsersManager.Cleanup.NoUserSelectedMessage"><![CDATA[E' obbligatorio selezionare almeno un utente da eliminare.]]></key>
        <key alias="UsersManager.Cleanup.NoUsersToDelete"><![CDATA[Non sono stati trovati utenti da gestire.]]></key>
        <key alias="UsersManager.User.Id"><![CDATA[Id]]></key>
        <key alias="UsersManager.User.Name"><![CDATA[Nome]]></key>
        <key alias="UsersManager.User.Username"><![CDATA[Username]]></key>
        <key alias="UsersManager.User.Email"><![CDATA[Email]]></key>
        <key alias="UsersManager.User.UserType"><![CDATA[User groups]]></key>
        <key alias="UsersManager.RestartSearchUsers"><![CDATA[Ricarica]]></key>

        <!-- VERSIONS MANAGER -->
        <key alias="VersionsManager.TreeSection"><![CDATA[Versioni]]></key>
        <key alias="VersionsManager.TreeActionManager"><![CDATA[Gestione delle versioni]]></key>
        <key alias="VersionsManager.Title"><![CDATA[Gestione Versioni]]></key>
        <key alias="VersionsManager.SubTitle"><![CDATA[ ]]></key>
        <key alias="VersionsManager.Description"><![CDATA[Questo strumento permette di gestire le versioni che Umbraco mantiene per ogni nodo del content.]]></key>
        <key alias="VersionsManager.SearchInProgress"><![CDATA[Ricerca in corso. Si prega di attendere fino a quando non vengono visualizzati i dati]]></key>
        <key alias="VersionsManager.NoVersionsFound"><![CDATA[Nessuna versione trovata]]></key>
        <key alias="VersionsManager.VersionsPanelTitle"><![CDATA[Riepilogo Versioni]]></key>
        <key alias="VersionsManager.FilterByNodeId"><![CDATA[Filtra con<br />Id del nodo]]></key>
        <key alias="VersionsManager.FilterByNodeName"><![CDATA[Filtra con<br />Nome del nodo]]></key>
        <key alias="VersionsManager.FilterByDateFrom"><![CDATA[Filtra per data (da)]]></key>
        <key alias="VersionsManager.FilterByDateTo"><![CDATA[Filtra per data (a)]]></key>
        <key alias="VersionsManager.NodeId"><![CDATA[Id nodo]]></key>
        <key alias="VersionsManager.NodeName"><![CDATA[Nome nodo]]></key>
        <key alias="VersionsManager.CurrentPublishedVersionDate"><![CDATA[Versione pubblicata]]></key>
        <key alias="VersionsManager.TotalVersions"><![CDATA[Altre Versioni]]></key>
        <key alias="VersionsManager.ItemsPerPage"><![CDATA[Nodi per pagina:]]></key>
        <key alias="VersionsManager.FooterMessage"><![CDATA[Clicca sulle righe per visualizzare i dettagli]]></key>
        <key alias="VersionsManager.StartCleanupButton"><![CDATA[Elimina tutte le versioni]]></key>
        <key alias="VersionsManager.Cleanup.ConfirmationMessage"><![CDATA[Proseguendo, verranno definitivamente cancellate tutte le versioni presenti nel sito escluse le versioni "publish" e "newest".
Il processo potrebbe richiedere molto tempo se il numero di versioni da cancellare è molto alto.

Sei sicuro di voler proseguire con la cancellazione?]]></key>
        <key alias="VersionsManager.Cleanup.NoVersionsToDelete"><![CDATA[Nessuna versione da cancellare]]></key>
        <key alias="VersionsManager.StartCleanupByCount"><![CDATA[Elimina le versioni per numero]]></key>
        <key alias="VersionsManager.Cleanup.DeleteLogsSuccessHeadline"><![CDATA[OK]]></key>
        <key alias="VersionsManager.Cleanup.DeleteLogsSuccessMessage"><![CDATA[Tutte le versioni sono state rimosse con successo.]]></key>
        <key alias="VersionsManager.Cleanup.DeleteLogsErrorHeadline"><![CDATA[Errore]]></key>
        <key alias="VersionsManager.Cleanup.DeleteLogsErrorMessage"><![CDATA[Sono stati riscontrati problemi durante il processo di eliminazione delle versioni.

Si prega di riprovare o di contattare l'autore del package indicando i dettagli dell'errore."]]></key>
        <key alias="VersionsManager.CleanupCurrentNodeVersions"><![CDATA[Elimina le versioni del nodo]]></key>
        <key alias="VersionsManager.CleanupCurrentNodeVersions.ConfirmationMessage"><![CDATA[Proseguendo, verranno definitivamente cancellate tutte le versioni del nodo corrente escluse le versioni "publish" e "newest".
Il processo potrebbe richiedere molto tempo se il numero di versioni da cancellare è molto alto.

Sei sicuro di voler proseguire con la cancellazione?]]></key>
        <key alias="VersionsManager.CleanupCurrentNodeVersions.DeleteLogsSuccessHeadline"><![CDATA[OK]]></key>
        <key alias="VersionsManager.CleanupCurrentNodeVersions.DeleteLogsSuccessMessage"><![CDATA[Tutte le versioni del nodo corrente sono state rimosse con successo.]]></key>
        <key alias="VersionsManager.CleanupCurrentNodeVersions.DeleteLogsErrorHeadline"><![CDATA[Errore]]></key>
        <key alias="VersionsManager.CleanupCurrentNodeVersions.DeleteLogsErrorMessage"><![CDATA[Sono stati riscontrati problemi durante il processo di eliminazione delle versioni del nodo corrente.

Si prega di riprovare o di contattare l'autore del package.]]></key>
        <key alias="VersionsManager.RestartSearchVersions"><![CDATA[Esegui una nuova ricerca]]></key>
        <key alias="VersionsManager.Dialog-Title"><![CDATA[Dettagli della versione]]></key>
        <key alias="VersionsManager.Dialog-NodeId"><![CDATA[Id]]></key>
        <key alias="VersionsManager.Dialog-NodeName"><![CDATA[Nome nodo]]></key>
        <key alias="VersionsManager.Dialog-CurrentPublishedVersionDate"><![CDATA[Data e ora della versione pubblicata]]></key>
        <key alias="VersionsManager.Dialog-UserName"><![CDATA[Utente]]></key>
        <key alias="VersionsManager.Dialog-HistoryVersions"><![CDATA[Elenco versioni]]></key>
        <key alias="VersionsManager.Dialog-GUID"><![CDATA[GUID]]></key>
        <key alias="VersionsManager.Dialog-VersionDate"><![CDATA[Data]]></key>
        <key alias="VersionsManager.Dialog-Published"><![CDATA[Published]]></key>
        <key alias="VersionsManager.Dialog-Newest"><![CDATA[Newest]]></key>
        <key alias="VersionsManager.CleanupByCount.Dialog-Title"><![CDATA[Cancellazione per numero]]></key>
        <key alias="VersionsManager.CleanupByCount.Dialog-Description"><![CDATA[<p>Questo strumento permette di eliminare le versioni che Umbraco mantiene per ogni nodo del content.</p><p>Si fa presente che Umbraco richiede che ogni nodo abbia almeno 2 versioni (quella pubblicata e l'ultima salvata).</p><p>Queste versioni non verrano mai cancellate.</p>]]></key>
        <key alias="VersionsManager.CleanupByCount.Dialog-VersionsCount"><![CDATA[Numero delle versioni da mantenere]]></key>
        <key alias="VersionsManager.CleanupByCount.Dialog-ConfirmationMessage"><![CDATA[Proseguendo, verranno definitivamente cancellate tutte le versioni presenti nel sito escluse quelle specificate e le versioni "publish" e "newest".
Il processo potrebbe richiedere molto tempo se il numero di versioni da cancellare è molto alto.

Sei sicuro di voler proseguire con la cancellazione?]]></key>
        <key alias="VersionsManager.Cleanup.Dialog-CleanupInProgress"><![CDATA[Cancellazione in corso. Si prega di attendere fino a quando non vengono visualizzati gli eventi]]></key>
        <key alias="VersionsManager.Cleanup.Dialog-Summary"><![CDATA[Riepilogo della cancellazione]]></key>
        <key alias="VersionsManager.Cleanup.Dialog-CleanupSuccess"><![CDATA[Versioni cancellate correttamente!]]></key>
        <key alias="VersionsManager.Cleanup.Dialog-CleanupSuccessResultTable"><![CDATA[nella tabella]]></key>
        <key alias="VersionsManager.Cleanup.Dialog-CleanupSuccessResultDeletedRows"><![CDATA[righe cancellate]]></key>
        <key alias="VersionsManager.Cleanup.Dialog-CleanupError"><![CDATA[ATTENZIONE, è stato riscontrato un errore durante la cancellazione delle versioni.
Si prega di riprovare oppure contattare l'autore del package indicando i dettagli dell'errore.]]></key>
        <key alias="VersionsManager.CleanupByCount.Dialog-StartCleanupButton"><![CDATA[Elimina versioni indicate]]></key>
        <key alias="VersionsManager.Dialog-NodeId"><![CDATA[Id]]></key>
        <key alias="VersionsManager.CleanupById.Dialog-ConfirmationMessage"><![CDATA[Proseguendo, verranno definitivamente cancellate tutte le versioni del presente nodo escluse le versioni "publish" e "newest".
Il processo potrebbe richiedere molto tempo se il numero di versioni da cancellare è molto alto.

Sei sicuro di voler proseguire con la cancellazione?]]></key>
    
        <!-- RECYCLE BIN MANAGER -->
        <key alias="RecycleBinManager.TreeSection"><![CDATA[Cestini]]></key>
        <key alias="RecycleBinManager.TreeActionCleanup"><![CDATA[Gestione Cestini di Umbraco]]></key>
        <key alias="RecycleBinManager.Title"><![CDATA[Gestione Cestini di Umbraco]]></key>
        <key alias="RecycleBinManager.SubTitle"><![CDATA[ ]]></key>
        <key alias="RecycleBinManager.Description"><![CDATA[Questo strumento permette di svuotare il cestino del Content e dei Media]]></key>
        <key alias="RecycleBinManager.SearchPanelTitle"><![CDATA[Informazioni]]></key>
        <key alias="RecycleBinManager.SearchPanelDescription"><![CDATA[La tabella seguente mostra il numero totale di oggetti contenuti in ciascun cestino]]></key>
        <key alias="RecycleBinManager.Type"><![CDATA[Cestino]]></key>
        <key alias="RecycleBinManager.Details"><![CDATA[Numero di oggetti contenuti]]></key>
        <key alias="RecycleBinManager.SearchInProgress"><![CDATA[Ricerca in corso. Si prega di attendere fino al completamento del processo]]></key>
        <key alias="RecycleBinManager.DeleteInProgress"><![CDATA[Cancellazione in corso. Si prega di attendere fino al completamento del processo]]></key>
        <key alias="RecycleBinManager.StartEmptyContentRecycleBinButton"><![CDATA[Svuota il cestino del CONTENT]]></key>
        <key alias="RecycleBinManager.StartEmptyMediaRecycleBinButton"><![CDATA[Svuota il cestino dei MEDIA]]></key>
        <key alias="RecycleBinManager.StartEmptyBothRecycleBinsButton"><![CDATA[Svuota tutti i cestini]]></key>
        <key alias="RecycleBinManager.EmptyContentRecycleBinSuccessHeadline"><![CDATA[OK]]></key>
        <key alias="RecycleBinManager.EmptyContentRecycleBinSuccessMessage"><![CDATA[Il cestino del CONTENT è stato correttamente svuotato]]></key>
        <key alias="RecycleBinManager.EmptyMediaRecycleBinSuccessHeadline"><![CDATA[OK]]></key>
        <key alias="RecycleBinManager.EmptyMediaRecycleBinSuccessMessage"><![CDATA[Il cestino dei MEDIA è stato correttamente svuotato]]></key>
        <key alias="RecycleBinManager.EmptyBothRecycleBinsSuccessHeadline"><![CDATA[OK]]></key>
        <key alias="RecycleBinManager.EmptyBothRecycleBinsSuccessMessage"><![CDATA[Tutti i cestini sono stati correttamente svuotati]]></key>
        <key alias="RecycleBinManager.CreateFALMServicePageSuccessHeadline"><![CDATA[OK]]></key>
        <key alias="RecycleBinManager.CreateFALMServicePageSuccessMessage"><![CDATA[Tutti i Document Types, il Template e i Nodi della Pagina di Servizio sono pronti per essere utilizzati]]></key>
        <key alias="RecycleBinManager.EmptyContentRecycleBinErrorHeadline"><![CDATA[Errore]]></key>
        <key alias="RecycleBinManager.EmptyContentRecycleBinErrorMessage"><![CDATA[Sono stati riscontrati problemi durante il processo di svuotmento del cestino del CONTENT.
    
Si prega di riprovare oppure contattare l'autore indicando i dettagli dell'errore.]]></key>
        <key alias="RecycleBinManager.EmptyMediaRecycleBinErrorHeadline"><![CDATA[Errore]]></key>
        <key alias="RecycleBinManager.EmptyMediaRecycleBinErrorMessage"><![CDATA[Sono stati riscontrati problemi durante il processo di svuotmento del cestino dei MEDIA.
    
Si prega di riprovare oppure contattare l'autore indicando i dettagli dell'errore.]]></key>
        <key alias="RecycleBinManager.EmptyBothRecycleBinsErrorHeadline"><![CDATA[Errore]]></key>
        <key alias="RecycleBinManager.EmptyBothRecycleBinsErrorMessage"><![CDATA[Sono stati riscontrati problemi durante il processo di svuotmento dei cestini.
    
Si prega di riprovare oppure contattare l'autore indicando i dettagli dell'errore.]]></key>
        <key alias="RecycleBinManager.CreateFALMServicePageErrorHeadline"><![CDATA[Errore]]></key>
        <key alias="RecycleBinManager.CreateFALMServicePageErrorMessage"><![CDATA[Sono stati riscontrati problemi durante il processo di creazione della Pagina di Servizio.
    
Si prega di riprovare oppure contattare l'autore indicando i dettagli dell'errore.]]></key>
        <key alias="RecycleBinManager.ConfirmEmptyContentRecycleBinActionMessage"><![CDATA[Tutti i nodi presenti nel cestino del CONTENT verranno cancellati definitivamente.
Il processo potrebbe richiedere molto tempo se il numero dei nodi presenti nel cestino è molto alto.

Sei sicuro di voler proseguire con l'eliminazione?]]></key>
        <key alias="RecycleBinManager.ConfirmEmptyMediaRecycleBinActionMessage"><![CDATA[Tutti i nodi presenti nel cestino dei MEDIA verranno cancellati definitivamente.
Il processo potrebbe richiedere molto tempo se il numero dei nodi presenti nel cestino è molto alto.

Sei sicuro di voler proseguire con l'eliminazione?]]></key>
        <key alias="RecycleBinManager.ConfirmEmptyBothRecycleBinsActionMessage"><![CDATA[Tutti i nodi presenti nei cestini del CONTENT e dei MEDIA verranno cancellati definitivamente.
Il processo potrebbe richiedere molto tempo se il numero dei nodi presenti in entrambi i cestino è molto alto.

Sei sicuro di voler proseguire con l'eliminazione?]]></key>
        <key alias="RecycleBinManager.ConfirmCreateFALMServicePageActionMessage"><![CDATA[ATTENZIONE! Verranno creati 2 DocumentTypes, 1 Template e 2 nodi.
Il processo potrebbe richiedere molto tempo.

Sei sicuro di voler proseguire con la creazione?]]></key>
        <key alias="RecycleBinManager.ReloadPage"><![CDATA[Ricarica la pagina]]></key>
        <key alias="RecycleBinManager.FooterMessage"><![CDATA[ ]]></key>
        <key alias="RecycleBinManager.CreateServicePageTitle"><![CDATA[Crea una Pagina di Servizio da usare per svuotare tutti i cestini di Umbraco (Questa pagina può essere usata con uno scheduler per schedulare la pulizia automatica dei cestini di Umbraco)]]></key>
        <key alias="RecycleBinManager.CreateServicePageLink"><![CDATA[Crea la Pagina di Servizio]]></key>

        <!-- CACHE/TEMP MANAGER -->
        <key alias="CacheTempManager.TreeSection"><![CDATA[Cache e Temp]]></key>
        <key alias="CacheTempManager.Cache.TreeActionCleanup"><![CDATA[Gestione directory App_Data/cache]]></key>
        <key alias="CacheTempManager.Cache.Title"><![CDATA[Gestione della directory App_Data/cache (File System)]]></key>
        <key alias="CacheTempManager.Cache.Description"><![CDATA[Con questo strumento si può facilmente svuotare la directory della cache]]></key>
        <key alias="CacheTempManager.Cache.ContentPanelTitle"><![CDATA[Contenuto della directory "App_Data/cache"]]></key>
        <key alias="CacheTempManager.Cache.ContentPanelDescription"><![CDATA[Elenco delle directory e dei file presenti nel File System]]></key>
        <key alias="CacheTempManager.Cache.StartEmptyButton"><![CDATA[Svuota la directory della cache]]></key>
        <key alias="CacheTempManager.Cache.DirEmpty"><![CDATA[La directory "App_Data/cache" è vuota]]></key>
        <key alias="CacheTempManager.Cache.EmptyCacheDirectorySuccessHeadline"><![CDATA[OK]]></key>
        <key alias="CacheTempManager.Cache.EmptyCacheDirectorySuccessMessage"><![CDATA[La directory "App_Data/cache" è stata svuotata correttamente]]></key>
        <key alias="CacheTempManager.Cache.EmptyCacheDirectoryErrorHeadline"><![CDATA[Error]]></key>
        <key alias="CacheTempManager.Cache.EmptyCacheDirectoryErrorMessage"><![CDATA[Sono stati riscontrati problemi durante il processo di cancellazione della directory "App_Data/cache"]]></key>
        <key alias="CacheTempManager.Cache.ConfirmEmptyCacheDirectoryMessage"><![CDATA[Tutte le directory e i file contenuti nella directory "App_Data/cache" saranno cancellati definitivamente.
Il processo potrebbe richiedere molto tempo se il numero delle directory e dei file è molto alto.

Sei sicuro di voler proseguire con l'eliminazione?]]></key>
        <key alias="CacheTempManager.Temp.TreeActionCleanup"><![CDATA[Gestione directory App_Data/TEMP]]></key>
        <key alias="CacheTempManager.Temp.Title"><![CDATA[Gestione della directory App_Data/TEMP (File System)]]></key>
        <key alias="CacheTempManager.Temp.Description"><![CDATA[Con questo strumento si può facilmente svuotare la directory TEMP]]></key>
        <key alias="CacheTempManager.Temp.ContentPanelTitle"><![CDATA[Contenuto della directory "App_Data/TEMP"]]></key>
        <key alias="CacheTempManager.Temp.ContentPanelDescription"><![CDATA[Elenco delle directory e dei file presenti nel File System]]></key>
        <key alias="CacheTempManager.Temp.StartEmptyButton"><![CDATA[Cancella gli oggetti selezionati]]></key>
        <key alias="CacheTempManager.Temp.DirEmpty"><![CDATA[La directory "App_Data/TEMP" è vuota]]></key>
        <key alias="CacheTempManager.Temp.EmptyTempDirectorySuccessHeadline"><![CDATA[OK]]></key>
        <key alias="CacheTempManager.Temp.EmptyTempDirectorySuccessMessage"><![CDATA[I file/directory selezionate sono state cancellate correttamente dalla directory "App_Data/TEMP"]]></key>
        <key alias="CacheTempManager.Temp.EmptyTempDirectoryErrorHeadline"><![CDATA[Error]]></key>
        <key alias="CacheTempManager.Temp.EmptyTempDirectoryErrorMessage"><![CDATA[Sono stati riscontrati problemi durante il processo di cancellazione dei file/directory selezionati]]></key>
        <key alias="CacheTempManager.Temp.ConfirmEmptyTempDirectoryMessage"><![CDATA[Tutte le directory e i file selezionati saranno cancellati definitivamente dalla cartella "App_Data/TEMP".
Il processo potrebbe richiedere molto tempo se il numero delle directory e dei file è molto alto.

Sei sicuro di voler proseguire con l'eliminazione?]]></key>
        <key alias="CacheTempManager.SearchInProgress"><![CDATA[Ricerca in corso. Si prega di attendere fino a quando il processo è completato.]]></key>
        <key alias="CacheTempManager.DeletionInProgress"><![CDATA[Cancellazione in corso. Si prega di attendere fino a quando il processo è completato.]]></key>
        <key alias="CacheTempManager.Entry"><![CDATA[Nome]]></key>
        <key alias="CacheTempManager.Type"><![CDATA[Tipo]]></key>
        <key alias="CacheTempManager.Dimension"><![CDATA[Dimensione]]></key>
        <key alias="CacheTempManager.RestartSearch"><![CDATA[Ricarica la pagina]]></key>
        <key alias="CacheTempManager.CreateServicePageLink"><![CDATA[Crea la Pagina di Servizio]]></key>
        <key alias="CacheTempManager.ConfirmCreateFALMServicePageActionMessage"><![CDATA[ATTENZIONE! Verranno creati 2 DocumentTypes, 1 Template e 2 nodi.
Il processo potrebbe richiedere molto tempo.

Sei sicuro di voler proseguire con la creazione?]]></key>
        <key alias="CacheTempManager.CreateFALMServicePageSuccessHeadline"><![CDATA[OK]]></key>
        <key alias="CacheTempManager.CreateFALMServicePageSuccessMessage"><![CDATA[Tutti i Document Types, il Template e i Nodi della Pagina di Servizio sono pronti per essere utilizzati]]></key>
        <key alias="CacheTempManager.CreateFALMServicePageErrorHeadline"><![CDATA[Errore]]></key>
        <key alias="CacheTempManager.CreateFALMServicePageErrorMessage"><![CDATA[Sono stati riscontrati problemi durante il processo di creazione della Pagina di Servizio.
    
Si prega di riprovare oppure contattare l'autore indicando i dettagli dell'errore.]]></key>
    </area>
</language>